{
    "WPClampScrewGrip.stl": [
        [
            -7.5,
            -7.5,
            0.0
        ],
        [
            7.5,
            7.5,
            4.65
        ]
    ],
    "WPClampScrewShoe.stl": [
        [
            -7.5,
            -7.5,
            -22.0
        ],
        [
            7.5,
            7.5,
            -15.0022
        ]
    ],
    "WPAlignerIdler.stl": [
        [
            -12.0,
            -12.0,
            -4.0
        ],
        [
            12.0,
            12.0,
            4.0
        ]
    ],
    "WPAlignerLeft.stl": [
        [
            33.1846,
            -20.7395,
            -8.6
        ],
        [
            63.1975,
            11.6848,
            -7.8
        ]
    ],
    "WPGondolaPenClampD30Part3.stl": [
        [
            -3.0,
            7.0,
            -5.0
        ],
        [
            20.3205,
            21.0,
            6.5
        ]
    ],
    "WPStepperEndstopRight.stl": [
        [
            -17.0,
            0.0,
            -10.0
        ],
        [
            17.0,
            19.0,
            18.2
        ]
    ],
    "WPGondolaPenBearingRight.stl": [
        [
            -30.0,
            -30.0,
            6.10352e-06
        ],
        [
            30.0,
            30.0,
            4.99999
        ]
    ],
    "WPControllerClamp.stl": [
        [
            -75.0,
            -22.0,
            -34.0
        ],
        [
            75.0,
            90.0,
            -10.0
        ]
    ],
    "WPGondolaPenBearingLeft.stl": [
        [
            -30.0,
            -30.0,
            6.10352e-06
        ],
        [
            30.0,
            30.0,
            4.99999
        ]
    ],
    "WPStepperMountWithInlays.stl": [
        [
            -28.0,
            -27.5,
            -10.0
        ],
        [
            27.5,
            28.0,
            14.0
        ]
    ],
    "WPStepperClampRight.stl": [
        [
            -61.0,
            -61.0,
            -34.0
        ],
        [
            90.0,
            90.0,
            -10.0
        ]
    ],
    "WPWeightTop.stl": [
        [
            -12.0,
            -49.0,
            -12.0
        ],
        [
            12.0,
            0.0,
            12.0
        ]
    ],
    "WPStepperClampLeft.stl": [
        [
            -90.0,
            -61.0,
            -34.0
        ],
        [
            61.0,
            90.0,
            -10.0
        ]
    ],
    "WPWeightIdler.stl": [
        [
            -12.0,
            -12.0,
            -4.0
        ],
        [
            12.0,
            12.0,
            4.0
        ]
    ],
    "WPPulley.stl": [
        [
            -22.5,
            -22.5,
            -4.0
        ],
        [
            22.5,
            22.5,
            10.0
        ]
    ],
    "WPStepperEndstopLeft.stl": [
        [
            -17.0,
            0.0,
            -10.0
        ],
        [
            17.0,
            19.0,
            18.2
        ]
    ],
    "WPWeightBottom.stl": [
        [
            -12.0,
            -106.0,
            -12.0
        ],
        [
            12.0,
            -34.0,
            12.0
        ]
    ],
    "WPGondolaPenClampD30Part1.stl": [
        [
            -21.0,
            -17.0,
            -5.0
        ],
        [
            21.0,
            3.0,
            6.5
        ]
    ],
    "WPAlignerRight.stl": [
        [
            33.1846,
            -15.2624,
            -8.6
        ],
        [
            63.1975,
            20.7197,
            -7.8
        ]
    ],
    "WPGondolaPenClampD30Part2.stl": [
        [
            -3.0,
            -3.0,
            -5.0
        ],
        [
            21.0,
            21.0,
            5.0
        ]
    ],
    "WPGondolaPenClampD30Part4.stl": [
        [
            -20.931,
            -1.43074,
            -5.0
        ],
        [
            21.7381,
            23.0,
            5.0
        ]
    ],
    "WPGondolaPenClampD18Part1.stl": [
        [
            -15.0,
            -24.0,
            -5.0
        ],
        [
            15.0,
            3.0,
            6.5
        ]
    ],
    "WPGondolaPenClampD18Part2.stl": [
        [
            -3.0,
            -3.0,
            -5.0
        ],
        [
            15.0,
            15.0,
            5.0
        ]
    ],
    "WPGondolaPenClampD18Part3.stl": [
        [
            -3.0,
            4.0,
            -5.0
        ],
        [
            15.1244,
            15.0,
            6.5
        ]
    ],
    "WPGondolaPenClampD18Part4.stl": [
        [
            -14.9539,
            -1.95367,
            -5.0
        ],
        [
            15.9426,
            17.0,
            5.0
        ]
    ],
    "WPGondolaBearing.stl": [
        [
            -36.0,
            -36.0,
            -5.0
        ],
        [
            36.0,
            52.6,
            21.0
        ]
    ],
    "WPServoGear.stl": [
        [
            0.968629,
            0.0,
            -4.53137
        ],
        [
            10.0314,
            4.0,
            4.53137
        ]
    ],
    "WPServoLifter.stl": [
        [
            -2.53209,
            0.0,
            -12.5
        ],
        [
            1.96791,
            4.0,
            11.0619
        ]
    ]
}